date_key,location_id,labor_hours,labor_cost
2025-08-30,1,85.32,1981.62
2025-08-30,2,74.40,1995.84
2025-08-30,3,124.94,3003.69
2025-08-30,4,103.36,2266.15
2025-08-30,5,110.96,2908.60
2025-08-30,6,102.42,2574.86
2025-08-30,7,137.71,2853.72
2025-08-30,8,90.14,2173.63
2025-08-30,9,130.15,3353.16
2025-08-30,10,137.41,2792.95
2025-08-30,11,111.34,2718.04
2025-08-30,12,106.06,2476.89
2025-08-31,1,95.18,2467.58
2025-08-31,2,101.13,2710.58
2025-08-31,3,112.15,2259.72
2025-08-31,4,94.80,2377.54
2025-08-31,5,123.28,2957.08
2025-08-31,6,112.33,2295.49
2025-08-31,7,98.80,2458.66
2025-08-31,8,120.30,2797.02
2025-08-31,9,121.12,3256.76
2025-08-31,10,138.13,2990.30
2025-08-31,11,118.07,3040.99
2025-08-31,12,121.64,2869.87
2025-09-01,1,87.12,2110.89
2025-09-01,2,74.96,1603.13
2025-09-01,3,88.58,2198.64
2025-09-01,4,124.03,2771.23
2025-09-01,5,108.25,2530.94
2025-09-01,6,97.72,2436.97
2025-09-01,7,78.26,1840.33
2025-09-01,8,87.45,2056.20
2025-09-01,9,68.42,1669.41
2025-09-01,10,72.54,1454.11
2025-09-01,11,102.63,2668.70
2025-09-01,12,96.72,2228.35
2025-09-02,1,77.09,1663.17
2025-09-02,2,115.77,2611.48
2025-09-02,3,84.66,1720.47
2025-09-02,4,109.08,2321.08
2025-09-02,5,96.53,2317.40
2025-09-02,6,79.79,1914.15
2025-09-02,7,85.40,1902.33
2025-09-02,8,66.96,1575.72
2025-09-02,9,111.67,2724.68
2025-09-02,10,117.36,2704.90
2025-09-02,11,88.42,1877.82
2025-09-02,12,102.66,2466.88
2025-09-03,1,109.69,2385.05
2025-09-03,2,102.70,2319.18
2025-09-03,3,78.58,1706.41
2025-09-03,4,84.14,1946.63
2025-09-03,5,80.66,1856.93
2025-09-03,6,103.28,2575.24
2025-09-03,7,74.58,1659.42
2025-09-03,8,94.58,2312.12
2025-09-03,9,96.96,2270.48
2025-09-03,10,89.28,2372.28
2025-09-03,11,103.81,2761.98
2025-09-03,12,86.71,2091.64
2025-09-04,1,118.43,3094.56
2025-09-04,2,102.15,2712.29
2025-09-04,3,123.21,2480.93
2025-09-04,4,83.76,1849.89
2025-09-04,5,125.73,2771.12
2025-09-04,6,93.49,2457.38
2025-09-04,7,90.27,2343.93
2025-09-04,8,88.05,2163.69
2025-09-04,9,75.96,1708.11
2025-09-04,10,75.71,1734.69
2025-09-04,11,90.67,2095.91
2025-09-04,12,102.15,2423.19
2025-09-05,1,128.48,2893.81
2025-09-05,2,139.74,3028.69
2025-09-05,3,91.19,2431.81
2025-09-05,4,133.67,3067.50
2025-09-05,5,87.71,1909.61
2025-09-05,6,116.30,2962.19
2025-09-05,7,100.78,2156.13
2025-09-05,8,105.91,2468.58
2025-09-05,9,119.61,2871.69
2025-09-05,10,130.17,2672.03
2025-09-05,11,117.50,2922.25
2025-09-05,12,142.76,2998.73
2025-09-06,1,94.57,1968.29
2025-09-06,2,114.88,2432.46
2025-09-06,3,126.69,2747.37
2025-09-06,4,114.17,2511.16
2025-09-06,5,96.31,2126.10
2025-09-06,6,107.12,2235.94
2025-09-06,7,123.17,2784.73
2025-09-06,8,98.18,2157.77
2025-09-06,9,85.47,2279.51
2025-09-06,10,106.02,2829.13
2025-09-06,11,119.31,2507.37
2025-09-06,12,136.48,3119.85
2025-09-07,1,120.85,2976.43
2025-09-07,2,91.82,2002.80
2025-09-07,3,100.60,2404.25
2025-09-07,4,100.18,2700.20
2025-09-07,5,116.57,2714.42
2025-09-07,6,101.91,2537.29
2025-09-07,7,125.83,3326.32
2025-09-07,8,127.52,3103.89
2025-09-07,9,83.68,1779.00
2025-09-07,10,120.12,2742.97
2025-09-07,11,110.91,2318.87
2025-09-07,12,90.18,2017.12
2025-09-08,1,83.04,1831.11
2025-09-08,2,89.26,1814.46
2025-09-08,3,107.87,2383.33
2025-09-08,4,66.65,1690.58
2025-09-08,5,72.98,1947.10
2025-09-08,6,107.52,2420.28
2025-09-08,7,121.36,3249.56
2025-09-08,8,80.51,1937.21
2025-09-08,9,102.64,2661.35
2025-09-08,10,82.49,1872.86
2025-09-08,11,106.23,2598.94
2025-09-08,12,122.47,3282.65
2025-09-09,1,96.08,2483.05
2025-09-09,2,74.39,2002.51
2025-09-09,3,96.23,2426.42
2025-09-09,4,84.02,2241.32
2025-09-09,5,97.66,2224.48
2025-09-09,6,84.66,2152.55
2025-09-09,7,77.47,1995.24
2025-09-09,8,93.47,2346.20
2025-09-09,9,87.30,1993.46
2025-09-09,10,80.62,2158.34
2025-09-09,11,116.34,2433.75
2025-09-09,12,97.28,2124.76
2025-09-10,1,80.68,1761.56
2025-09-10,2,76.27,1984.59
2025-09-10,3,98.73,1979.20
2025-09-10,4,93.18,2401.28
2025-09-10,5,111.04,2285.83
2025-09-10,6,103.89,2079.64
2025-09-10,7,87.59,1912.11
2025-09-10,8,71.10,1765.65
2025-09-10,9,77.42,1575.37
2025-09-10,10,88.85,2005.26
2025-09-10,11,93.49,2001.50
2025-09-10,12,107.52,2201.63
2025-09-11,1,109.45,2580.03
2025-09-11,2,58.94,1510.22
2025-09-11,3,70.55,1672.31
2025-09-11,4,88.22,2003.41
2025-09-11,5,80.70,1730.87
2025-09-11,6,100.25,2141.25
2025-09-11,7,85.11,1963.01
2025-09-11,8,105.48,2525.95
2025-09-11,9,83.25,2220.40
2025-09-11,10,81.16,2064.91
2025-09-11,11,119.62,2737.06
2025-09-11,12,56.20,1304.78
2025-09-12,1,131.55,2720.43
2025-09-12,2,113.56,2651.14
2025-09-12,3,126.96,3405.79
2025-09-12,4,123.42,2507.78
2025-09-12,5,139.68,3379.35
2025-09-12,6,137.14,3094.59
2025-09-12,7,118.46,2782.81
2025-09-12,8,97.00,2053.12
2025-09-12,9,105.43,2493.67
2025-09-12,10,97.54,2115.82
2025-09-12,11,138.53,3694.99
2025-09-12,12,95.52,2535.47
2025-09-13,1,109.23,2224.04
2025-09-13,2,99.76,2458.20
2025-09-13,3,119.69,2461.68
2025-09-13,4,126.16,2964.58
2025-09-13,5,125.87,2885.49
2025-09-13,6,125.77,3256.20
2025-09-13,7,85.91,2163.93
2025-09-13,8,104.11,2644.66
2025-09-13,9,120.52,2809.25
2025-09-13,10,128.93,3203.75
2025-09-13,11,120.56,2490.38
2025-09-13,12,142.48,3332.07
2025-09-14,1,115.26,2958.32
2025-09-14,2,118.65,2709.43
2025-09-14,3,139.83,3375.27
2025-09-14,4,94.42,2059.05
2025-09-14,5,88.53,2178.42
2025-09-14,6,116.45,3038.00
2025-09-14,7,134.59,2983.65
2025-09-14,8,95.98,2140.79
2025-09-14,9,90.43,2308.62
2025-09-14,10,128.22,2826.17
2025-09-14,11,103.07,2105.61
2025-09-14,12,81.59,1754.50
2025-09-15,1,71.63,1750.04
2025-09-15,2,95.08,2185.43
2025-09-15,3,73.97,1802.54
2025-09-15,4,88.14,2127.84
2025-09-15,5,105.76,2492.64
2025-09-15,6,65.17,1538.56
2025-09-15,7,68.96,1828.92
2025-09-15,8,113.88,2512.18
2025-09-15,9,101.39,2500.55
2025-09-15,10,97.32,2237.73
2025-09-15,11,101.44,2636.31
2025-09-15,12,69.50,1477.67
2025-09-16,1,95.23,2547.44
2025-09-16,2,71.30,1431.32
2025-09-16,3,75.26,1526.87
2025-09-16,4,77.86,1687.00
2025-09-16,5,110.18,2685.84
2025-09-16,6,114.66,2676.30
2025-09-16,7,74.03,1818.15
2025-09-16,8,92.51,1936.45
2025-09-16,9,80.76,1901.18
2025-09-16,10,123.98,2949.24
2025-09-16,11,90.06,2285.17
2025-09-16,12,74.98,1760.07
2025-09-17,1,93.01,2297.98
2025-09-17,2,102.29,2575.82
2025-09-17,3,78.61,1944.71
2025-09-17,4,83.82,2103.11
2025-09-17,5,70.50,1549.45
2025-09-17,6,118.34,2654.08
2025-09-17,7,90.73,2082.43
2025-09-17,8,119.89,3167.65
2025-09-17,9,105.26,2377.98
2025-09-17,10,93.85,1882.92
2025-09-17,11,81.03,1767.59
2025-09-17,12,114.03,2891.88
2025-09-18,1,82.01,1804.55
2025-09-18,2,103.71,2439.14
2025-09-18,3,66.33,1691.19
2025-09-18,4,89.04,1780.90
2025-09-18,5,113.20,2873.95
2025-09-18,6,96.77,2130.74
2025-09-18,7,91.77,2244.00
2025-09-18,8,115.97,2617.74
2025-09-18,9,103.46,2541.28
2025-09-18,10,65.66,1690.13
2025-09-18,11,112.05,2293.13
2025-09-18,12,82.90,2136.45
2025-09-19,1,130.99,3417.72
2025-09-19,2,117.39,3166.88
2025-09-19,3,153.51,3381.59
2025-09-19,4,108.89,2889.15
2025-09-19,5,104.10,2493.27
2025-09-19,6,138.66,3079.68
2025-09-19,7,122.33,3133.61
2025-09-19,8,110.16,2396.42
2025-09-19,9,135.35,3057.97
2025-09-19,10,137.00,3601.42
2025-09-19,11,102.96,2678.95
2025-09-19,12,125.44,2651.37
2025-09-20,1,99.90,2151.69
2025-09-20,2,110.51,2849.92
2025-09-20,3,112.59,2926.15
2025-09-20,4,123.35,2849.63
2025-09-20,5,106.99,2181.19
2025-09-20,6,121.95,2887.88
2025-09-20,7,103.09,2222.94
2025-09-20,8,110.71,2420.78
2025-09-20,9,118.62,2598.90
2025-09-20,10,113.94,2890.19
2025-09-20,11,129.20,2732.39
2025-09-20,12,99.87,2116.73
2025-09-21,1,122.28,2559.04
2025-09-21,2,84.72,1874.23
2025-09-21,3,98.50,2142.41
2025-09-21,4,110.25,2342.35
2025-09-21,5,114.38,2999.51
2025-09-21,6,117.83,2968.45
2025-09-21,7,119.50,2946.28
2025-09-21,8,163.22,3920.26
2025-09-21,9,106.50,2658.32
2025-09-21,10,136.71,3194.74
2025-09-21,11,121.11,2896.12
2025-09-21,12,116.11,2725.13
2025-09-22,1,82.90,2051.71
2025-09-22,2,78.85,2018.93
2025-09-22,3,80.29,1978.28
2025-09-22,4,95.19,2268.55
2025-09-22,5,75.37,2021.77
2025-09-22,6,87.24,2057.59
2025-09-22,7,69.44,1858.63
2025-09-22,8,94.85,2139.49
2025-09-22,9,62.24,1356.32
2025-09-22,10,121.85,3079.10
2025-09-22,11,88.97,1945.63
2025-09-22,12,122.88,2501.45
2025-09-23,1,83.86,1689.87
2025-09-23,2,99.02,2358.87
2025-09-23,3,95.54,1974.82
2025-09-23,4,72.86,1478.82
2025-09-23,5,71.01,1451.33
2025-09-23,6,121.75,2829.82
2025-09-23,7,61.87,1327.36
2025-09-23,8,77.79,2027.16
2025-09-23,9,84.14,2156.24
2025-09-23,10,89.10,2400.60
2025-09-23,11,78.67,2105.69
2025-09-23,12,110.75,2877.68
2025-09-24,1,105.91,2598.61
2025-09-24,2,110.87,2970.63
2025-09-24,3,75.31,2011.42
2025-09-24,4,64.54,1512.52
2025-09-24,5,82.60,2184.47
2025-09-24,6,71.64,1873.71
2025-09-24,7,110.57,2854.30
2025-09-24,8,92.50,2162.61
2025-09-24,9,88.15,1931.68
2025-09-24,10,115.90,2885.99
2025-09-24,11,103.01,2706.59
2025-09-24,12,109.92,2883.65
2025-09-25,1,73.37,1911.26
2025-09-25,2,122.11,2596.68
2025-09-25,3,71.39,1638.65
2025-09-25,4,117.55,2488.65
2025-09-25,5,64.04,1379.31
2025-09-25,6,107.78,2353.02
2025-09-25,7,84.38,2132.97
2025-09-25,8,132.76,3185.62
2025-09-25,9,74.79,1896.95
2025-09-25,10,88.20,1898.71
2025-09-25,11,82.65,2212.58
2025-09-25,12,115.64,2794.54
2025-09-26,1,85.98,2312.40
2025-09-26,2,87.69,1936.22
2025-09-26,3,112.00,2786.95
2025-09-26,4,119.80,3033.18
2025-09-26,5,121.95,2872.56
2025-09-26,6,121.76,2647.69
2025-09-26,7,105.04,2378.10
2025-09-26,8,143.54,3361.41
2025-09-26,9,107.80,2442.81
2025-09-26,10,133.46,2842.80
2025-09-26,11,118.94,2851.19
2025-09-26,12,89.72,2052.84
2025-09-27,1,129.79,3159.58
2025-09-27,2,141.86,3648.28
2025-09-27,3,97.18,2043.38
2025-09-27,4,97.49,2218.83
2025-09-27,5,99.89,2173.63
2025-09-27,6,94.85,2229.68
2025-09-27,7,87.83,1989.21
2025-09-27,8,143.03,3293.33
2025-09-27,9,121.12,2919.29
2025-09-27,10,105.26,2369.99
2025-09-27,11,92.82,2228.97
2025-09-27,12,116.64,3031.36
2025-09-28,1,99.30,1989.73
2025-09-28,2,99.08,2349.36
2025-09-28,3,135.28,2898.14
2025-09-28,4,131.75,3376.33
2025-09-28,5,126.90,2764.40
2025-09-28,6,131.55,2915.16
2025-09-28,7,122.64,2554.54
2025-09-28,8,110.31,2643.34
2025-09-28,9,113.28,2273.44
2025-09-28,10,95.74,2553.41
2025-09-28,11,85.67,1729.45
2025-09-28,12,117.98,2987.35
2025-09-29,1,76.60,1819.79
2025-09-29,2,107.38,2734.57
2025-09-29,3,101.03,2045.12
2025-09-29,4,124.05,3321.64
2025-09-29,5,91.94,2033.13
2025-09-29,6,87.20,2184.69
2025-09-29,7,99.45,2477.89
2025-09-29,8,61.41,1652.19
2025-09-29,9,115.50,2372.27
2025-09-29,10,73.56,1592.98
2025-09-29,11,112.00,2790.82
2025-09-29,12,83.11,1681.70
2025-09-30,1,110.17,2605.92
2025-09-30,2,117.29,2470.47
2025-09-30,3,75.83,1823.63
2025-09-30,4,124.89,2764.24
2025-09-30,5,72.44,1617.36
2025-09-30,6,89.83,2235.59
2025-09-30,7,89.94,2041.21
2025-09-30,8,76.60,2026.22
2025-09-30,9,62.67,1470.93
2025-09-30,10,98.60,2615.69
2025-09-30,11,98.00,2431.64
2025-09-30,12,112.21,2930.21
2025-10-01,1,118.37,2858.67
2025-10-01,2,120.96,2425.44
2025-10-01,3,66.59,1465.15
2025-10-01,4,84.69,2053.09
2025-10-01,5,132.29,2729.94
2025-10-01,6,70.00,1516.43
2025-10-01,7,100.93,2326.89
2025-10-01,8,112.01,2732.18
2025-10-01,9,76.70,1789.89
2025-10-01,10,75.12,1706.37
2025-10-01,11,111.04,2429.34
2025-10-01,12,95.80,2361.41
2025-10-02,1,85.19,2028.59
2025-10-02,2,108.12,2311.95
2025-10-02,3,82.87,1922.19
2025-10-02,4,100.54,2119.76
2025-10-02,5,110.98,2931.20
2025-10-02,6,115.13,2622.70
2025-10-02,7,76.39,1638.72
2025-10-02,8,117.69,2677.13
2025-10-02,9,98.34,2465.22
2025-10-02,10,106.90,2476.00
2025-10-02,11,80.15,1690.70
2025-10-02,12,100.52,2453.18
2025-10-03,1,140.64,2812.85
2025-10-03,2,116.29,2860.87
2025-10-03,3,128.14,3028.98
2025-10-03,4,141.15,2998.69
2025-10-03,5,136.28,2907.18
2025-10-03,6,95.47,2352.47
2025-10-03,7,104.03,2727.21
2025-10-03,8,122.99,2667.05
2025-10-03,9,103.44,2458.15
2025-10-03,10,140.50,2926.92
2025-10-03,11,128.76,3361.89
2025-10-03,12,85.02,1708.60
2025-10-04,1,89.90,1966.44
2025-10-04,2,89.05,2095.37
2025-10-04,3,136.29,3310.86
2025-10-04,4,105.11,2759.40
2025-10-04,5,111.82,2477.54
2025-10-04,6,140.33,3599.76
2025-10-04,7,111.14,2654.31
2025-10-04,8,156.45,3144.86
2025-10-04,9,127.68,3068.71
2025-10-04,10,131.20,2755.96
2025-10-04,11,121.99,2791.69
2025-10-04,12,110.80,2449.10
2025-10-05,1,118.45,2644.35
2025-10-05,2,92.10,1924.05
2025-10-05,3,132.33,2743.05
2025-10-05,4,138.46,2792.30
2025-10-05,5,133.63,3138.14
2025-10-05,6,86.75,2272.33
2025-10-05,7,103.73,2082.32
2025-10-05,8,137.63,3691.03
2025-10-05,9,106.09,2712.87
2025-10-05,10,119.49,2424.03
2025-10-05,11,94.44,1890.30
2025-10-05,12,90.99,2026.11
2025-10-06,1,84.93,2037.12
2025-10-06,2,83.19,1791.10
2025-10-06,3,88.15,2297.09
2025-10-06,4,84.88,2192.08
2025-10-06,5,115.76,2336.51
2025-10-06,6,69.03,1775.87
2025-10-06,7,126.58,2989.94
2025-10-06,8,103.49,2778.25
2025-10-06,9,113.76,2584.47
2025-10-06,10,73.84,1550.84
2025-10-06,11,115.51,2478.93
2025-10-06,12,125.96,2821.49
2025-10-07,1,87.03,1802.39
2025-10-07,2,84.60,2085.35
2025-10-07,3,111.32,2509.22
2025-10-07,4,78.30,1717.96
2025-10-07,5,76.09,1815.38
2025-10-07,6,75.26,1536.32
2025-10-07,7,84.47,2202.45
2025-10-07,8,105.64,2324.66
2025-10-07,9,55.27,1488.21
2025-10-07,10,114.20,2753.20
2025-10-07,11,107.06,2561.83
2025-10-07,12,79.37,1699.50
2025-10-08,1,69.69,1405.10
2025-10-08,2,75.86,2038.70
2025-10-08,3,102.16,2582.86
2025-10-08,4,98.38,2501.29
2025-10-08,5,109.97,2611.41
2025-10-08,6,116.15,2466.87
2025-10-08,7,99.52,2567.33
2025-10-08,8,85.38,1835.35
2025-10-08,9,88.00,1993.59
2025-10-08,10,68.59,1799.90
2025-10-08,11,109.54,2923.72
2025-10-08,12,101.89,2415.01
2025-10-09,1,76.99,1560.70
2025-10-09,2,111.27,2298.16
2025-10-09,3,102.09,2265.70
2025-10-09,4,99.23,2232.64
2025-10-09,5,84.43,2151.93
2025-10-09,6,68.81,1633.73
2025-10-09,7,119.59,2797.92
2025-10-09,8,117.40,2504.23
2025-10-09,9,107.91,2356.87
2025-10-09,10,78.71,1930.22
2025-10-09,11,82.00,1977.50
2025-10-09,12,94.81,2402.34
2025-10-10,1,128.32,2654.10
2025-10-10,2,130.25,3240.85
2025-10-10,3,130.03,3479.51
2025-10-10,4,103.42,2213.45
2025-10-10,5,109.60,2494.83
2025-10-10,6,135.60,2969.75
2025-10-10,7,136.16,3650.21
2025-10-10,8,142.19,3002.51
2025-10-10,9,134.75,2963.49
2025-10-10,10,96.13,2117.24
2025-10-10,11,127.37,2652.44
2025-10-10,12,123.18,2598.23
2025-10-11,1,107.21,2212.56
2025-10-11,2,84.94,2112.79
2025-10-11,3,93.14,2169.92
2025-10-11,4,104.15,2339.84
2025-10-11,5,92.24,2270.22
2025-10-11,6,128.41,2648.30
2025-10-11,7,93.91,2442.09
2025-10-11,8,130.06,3350.91
2025-10-11,9,110.92,2638.32
2025-10-11,10,123.83,3227.39
2025-10-11,11,101.19,2352.09
2025-10-11,12,126.99,2545.27
2025-10-12,1,143.25,3685.72
2025-10-12,2,97.96,2121.89
2025-10-12,3,110.36,2213.31
2025-10-12,4,112.81,2263.11
2025-10-12,5,109.83,2403.97
2025-10-12,6,115.93,2641.44
2025-10-12,7,135.17,3517.67
2025-10-12,8,117.14,2440.29
2025-10-12,9,130.95,3079.67
2025-10-12,10,123.33,2472.67
2025-10-12,11,127.60,3164.61
2025-10-12,12,121.90,2944.01
2025-10-13,1,107.51,2481.08
2025-10-13,2,103.07,2197.75
2025-10-13,3,112.90,2518.05
2025-10-13,4,79.90,1652.46
2025-10-13,5,94.43,2074.54
2025-10-13,6,119.22,2786.70
2025-10-13,7,72.92,1776.33
2025-10-13,8,94.73,2546.95
2025-10-13,9,113.82,2514.04
2025-10-13,10,87.46,1759.28
2025-10-13,11,114.43,2360.55
2025-10-13,12,99.87,2168.07
2025-10-14,1,83.64,2025.20
2025-10-14,2,70.73,1590.28
2025-10-14,3,99.45,2120.54
2025-10-14,4,84.02,1974.78
2025-10-14,5,68.25,1395.05
2025-10-14,6,71.88,1671.79
2025-10-14,7,72.08,1816.90
2025-10-14,8,107.22,2276.74
2025-10-14,9,95.39,2104.71
2025-10-14,10,64.58,1565.26
2025-10-14,11,82.07,1931.35
2025-10-14,12,101.15,2095.30
2025-10-15,1,91.17,2043.48
2025-10-15,2,114.07,2808.36
2025-10-15,3,81.09,1726.43
2025-10-15,4,89.15,2188.20
2025-10-15,5,98.46,2488.37
2025-10-15,6,72.70,1850.14
2025-10-15,7,74.39,1755.16
2025-10-15,8,80.67,1781.30
2025-10-15,9,80.31,1727.95
2025-10-15,10,127.14,2818.67
2025-10-15,11,95.88,2328.59
2025-10-15,12,89.30,1995.37
2025-10-16,1,96.28,2424.62
2025-10-16,2,83.99,1818.25
2025-10-16,3,92.25,1929.12
2025-10-16,4,95.03,1986.70
2025-10-16,5,96.38,2517.57
2025-10-16,6,116.67,2989.50
2025-10-16,7,101.64,2721.15
2025-10-16,8,103.08,2286.60
2025-10-16,9,105.34,2741.89
2025-10-16,10,81.68,1691.74
2025-10-16,11,97.40,2481.87
2025-10-16,12,114.59,2735.21
2025-10-17,1,124.17,2550.07
2025-10-17,2,113.91,2348.43
2025-10-17,3,112.48,2797.05
2025-10-17,4,117.23,2376.82
2025-10-17,5,99.95,2129.28
2025-10-17,6,119.05,2621.94
2025-10-17,7,98.64,2001.09
2025-10-17,8,144.36,3579.96
2025-10-17,9,93.11,1946.09
2025-10-17,10,126.56,2869.59
2025-10-17,11,111.82,2339.39
2025-10-17,12,109.33,2852.92
2025-10-18,1,115.48,2848.85
2025-10-18,2,104.53,2265.12
2025-10-18,3,104.82,2389.71
2025-10-18,4,93.52,1902.56
2025-10-18,5,99.04,2453.39
2025-10-18,6,130.98,2954.07
2025-10-18,7,103.69,2293.70
2025-10-18,8,106.30,2424.51
2025-10-18,9,101.27,2138.54
2025-10-18,10,123.76,3030.40
2025-10-18,11,133.07,2872.87
2025-10-18,12,120.56,2584.39
2025-10-19,1,93.19,2377.88
2025-10-19,2,128.41,3206.66
2025-10-19,3,111.35,2445.79
2025-10-19,4,93.84,2528.57
2025-10-19,5,119.43,2758.79
2025-10-19,6,143.59,3230.45
2025-10-19,7,101.24,2427.68
2025-10-19,8,111.63,2495.89
2025-10-19,9,127.65,2783.21
2025-10-19,10,117.25,2405.23
2025-10-19,11,107.43,2738.15
2025-10-19,12,91.73,2327.94
2025-10-20,1,77.20,1652.21
2025-10-20,2,88.14,2352.31
2025-10-20,3,115.38,2565.10
2025-10-20,4,91.65,2090.43
2025-10-20,5,86.78,2272.95
2025-10-20,6,68.90,1427.52
2025-10-20,7,89.06,2138.81
2025-10-20,8,118.34,2581.07
2025-10-20,9,70.03,1623.41
2025-10-20,10,95.46,2157.97
2025-10-20,11,115.47,2644.96
2025-10-20,12,89.85,1853.62
2025-10-21,1,79.14,1953.14
2025-10-21,2,73.30,1851.34
2025-10-21,3,87.86,1944.34
2025-10-21,4,83.11,1855.52
2025-10-21,5,75.68,1730.96
2025-10-21,6,84.31,1717.83
2025-10-21,7,100.55,2118.50
2025-10-21,8,72.31,1859.00
2025-10-21,9,83.45,1834.49
2025-10-21,10,104.72,2433.84
2025-10-21,11,83.59,2057.60
2025-10-21,12,123.92,3323.12
2025-10-22,1,105.62,2572.50
2025-10-22,2,75.89,1558.29
2025-10-22,3,82.95,1987.96
2025-10-22,4,105.91,2367.62
2025-10-22,5,75.44,1990.04
2025-10-22,6,96.94,2157.14
2025-10-22,7,81.12,1964.89
2025-10-22,8,72.85,1724.62
2025-10-22,9,86.84,1760.68
2025-10-22,10,99.64,2075.43
2025-10-22,11,96.06,2158.80
2025-10-22,12,109.34,2436.70
2025-10-23,1,112.89,2301.48
2025-10-23,2,106.56,2257.69
2025-10-23,3,89.02,1825.94
2025-10-23,4,101.42,2337.03
2025-10-23,5,119.75,2508.51
2025-10-23,6,78.05,1878.96
2025-10-23,7,104.25,2512.55
2025-10-23,8,107.30,2644.19
2025-10-23,9,87.84,2248.38
2025-10-23,10,105.83,2148.94
2025-10-23,11,120.25,3108.32
2025-10-23,12,67.30,1422.99
2025-10-24,1,98.81,2178.08
2025-10-24,2,121.44,2651.66
2025-10-24,3,102.30,2108.79
2025-10-24,4,123.51,2940.03
2025-10-24,5,121.36,2610.04
2025-10-24,6,132.61,3313.31
2025-10-24,7,112.45,2341.96
2025-10-24,8,100.47,2536.27
2025-10-24,9,110.77,2680.95
2025-10-24,10,120.60,2767.70
2025-10-24,11,92.62,2295.42
2025-10-24,12,132.95,3471.36
2025-10-25,1,124.56,3024.07
2025-10-25,2,126.84,3263.80
2025-10-25,3,95.16,2340.52
2025-10-25,4,140.80,3441.79
2025-10-25,5,93.43,2206.14
2025-10-25,6,124.81,2600.17
2025-10-25,7,129.93,3497.64
2025-10-25,8,105.69,2551.97
2025-10-25,9,149.45,3660.46
2025-10-25,10,103.71,2207.11
2025-10-25,11,110.21,2247.37
2025-10-25,12,144.21,2978.19
2025-10-26,1,101.71,2426.16
2025-10-26,2,101.37,2189.91
2025-10-26,3,120.10,2774.77
2025-10-26,4,105.89,2307.41
2025-10-26,5,110.97,2641.50
2025-10-26,6,138.72,3377.25
2025-10-26,7,114.05,2719.06
2025-10-26,8,96.46,2545.43
2025-10-26,9,121.38,3094.14
2025-10-26,10,124.18,2547.80
2025-10-26,11,164.67,4314.51
2025-10-26,12,140.80,3357.09
2025-10-27,1,81.63,1781.89
2025-10-27,2,105.68,2763.26
2025-10-27,3,118.31,3136.91
2025-10-27,4,82.00,1718.68
2025-10-27,5,111.73,2295.69
2025-10-27,6,112.05,2586.59
2025-10-27,7,83.31,1836.18
2025-10-27,8,82.70,1668.36
2025-10-27,9,101.66,2158.28
2025-10-27,10,114.64,2486.46
2025-10-27,11,85.79,1947.58
2025-10-27,12,87.45,2313.30
2025-10-28,1,77.33,1985.21
2025-10-28,2,107.32,2485.51
2025-10-28,3,71.91,1849.38
2025-10-28,4,98.90,2218.19
2025-10-28,5,73.03,1882.49
2025-10-28,6,121.19,2648.33
2025-10-28,7,74.57,1615.19
2025-10-28,8,83.17,1826.80
2025-10-28,9,127.05,2912.73
2025-10-28,10,107.03,2644.55
2025-10-28,11,121.20,2976.67
2025-10-28,12,98.29,2073.44
2025-10-29,1,109.98,2480.00
2025-10-29,2,98.94,2616.11
2025-10-29,3,103.47,2554.20
2025-10-29,4,92.88,1945.09
2025-10-29,5,103.27,2181.88
2025-10-29,6,87.39,1874.02
2025-10-29,7,111.26,2868.81
2025-10-29,8,101.66,2550.69
2025-10-29,9,94.78,2519.83
2025-10-29,10,81.62,1742.23
2025-10-29,11,98.23,2509.47
2025-10-29,12,101.35,2417.11
2025-10-30,1,118.56,2732.92
2025-10-30,2,112.51,2923.18
2025-10-30,3,95.06,2499.98
2025-10-30,4,95.32,2137.19
2025-10-30,5,89.16,2155.07
2025-10-30,6,81.78,1825.35
2025-10-30,7,110.62,2905.31
2025-10-30,8,68.81,1455.22
2025-10-30,9,111.23,2850.86
2025-10-30,10,102.49,2193.42
2025-10-30,11,93.17,2100.16
2025-10-30,12,98.04,2426.34
2025-10-31,1,87.56,2341.25
2025-10-31,2,114.73,2402.58
2025-10-31,3,106.77,2723.47
2025-10-31,4,130.05,2853.76
2025-10-31,5,110.45,2756.54
2025-10-31,6,89.06,1982.07
2025-10-31,7,103.78,2727.56
2025-10-31,8,129.88,2924.16
2025-10-31,9,153.62,3934.19
2025-10-31,10,107.91,2411.02
2025-10-31,11,122.58,2711.22
2025-10-31,12,97.53,2179.25
2025-11-01,1,106.20,2834.31
2025-11-01,2,133.23,3092.27
2025-11-01,3,145.26,3842.68
2025-11-01,4,98.97,2607.09
2025-11-01,5,118.04,2945.92
2025-11-01,6,108.03,2296.80
2025-11-01,7,113.45,2598.73
2025-11-01,8,86.81,2305.22
2025-11-01,9,89.48,2367.02
2025-11-01,10,122.81,2901.55
2025-11-01,11,110.90,2845.06
2025-11-01,12,123.11,2736.92
2025-11-02,1,104.71,2754.55
2025-11-02,2,110.20,2877.54
2025-11-02,3,137.27,2994.52
2025-11-02,4,110.13,2554.49
2025-11-02,5,93.48,2100.76
2025-11-02,6,127.80,2579.22
2025-11-02,7,141.13,3379.33
2025-11-02,8,83.72,1884.48
2025-11-02,9,135.84,3641.00
2025-11-02,10,108.28,2270.95
2025-11-02,11,132.61,3083.91
2025-11-02,12,115.21,3089.83
2025-11-03,1,84.30,2270.82
2025-11-03,2,104.83,2599.60
2025-11-03,3,88.42,2334.58
2025-11-03,4,76.02,1932.55
2025-11-03,5,120.57,2506.01
2025-11-03,6,64.99,1419.17
2025-11-03,7,108.88,2299.10
2025-11-03,8,83.43,1990.89
2025-11-03,9,77.34,1975.49
2025-11-03,10,109.68,2500.55
2025-11-03,11,86.65,2322.58
2025-11-03,12,71.91,1831.26
2025-11-04,1,111.89,2378.44
2025-11-04,2,80.75,1872.40
2025-11-04,3,113.80,2570.40
2025-11-04,4,100.04,2034.10
2025-11-04,5,85.01,2196.12
2025-11-04,6,111.24,2265.16
2025-11-04,7,88.95,1845.78
2025-11-04,8,79.76,1990.57
2025-11-04,9,81.96,1753.63
2025-11-04,10,109.92,2487.94
2025-11-04,11,115.35,2834.72
2025-11-04,12,121.30,2589.21
2025-11-05,1,104.19,2189.55
2025-11-05,2,93.27,1992.47
2025-11-05,3,70.67,1470.23
2025-11-05,4,114.19,2779.89
2025-11-05,5,72.81,1585.35
2025-11-05,6,78.57,1650.01
2025-11-05,7,67.00,1797.01
2025-11-05,8,73.58,1522.99
2025-11-05,9,95.14,2184.38
2025-11-05,10,77.56,1943.74
2025-11-05,11,100.48,2205.88
2025-11-05,12,128.43,3369.91
2025-11-06,1,130.31,3276.23
2025-11-06,2,115.76,2864.33
2025-11-06,3,121.63,2671.50
2025-11-06,4,79.60,1797.34
2025-11-06,5,105.97,2368.21
2025-11-06,6,80.22,1657.56
2025-11-06,7,90.37,1819.71
2025-11-06,8,81.91,1842.82
2025-11-06,9,87.09,2183.09
2025-11-06,10,115.74,2953.41
2025-11-06,11,100.02,2581.17
2025-11-06,12,107.28,2661.97
2025-11-07,1,133.05,3407.30
2025-11-07,2,126.02,2913.89
2025-11-07,3,122.03,2765.77
2025-11-07,4,119.94,2647.95
2025-11-07,5,106.89,2383.73
2025-11-07,6,97.89,2401.50
2025-11-07,7,88.56,2222.15
2025-11-07,8,139.02,3670.87
2025-11-07,9,112.37,2443.08
2025-11-07,10,127.17,3102.55
2025-11-07,11,101.14,2097.56
2025-11-07,12,103.99,2595.39
2025-11-08,1,128.15,3423.58
2025-11-08,2,116.88,2454.67
2025-11-08,3,110.38,2416.31
2025-11-08,4,98.59,2125.50
2025-11-08,5,138.16,2927.79
2025-11-08,6,115.21,2343.94
2025-11-08,7,88.67,1976.77
2025-11-08,8,138.11,3385.05
2025-11-08,9,134.60,2894.91
2025-11-08,10,117.24,2482.18
2025-11-08,11,96.93,2121.09
2025-11-08,12,110.44,2871.41
2025-11-09,1,140.95,3308.04
2025-11-09,2,107.82,2557.92
2025-11-09,3,86.96,2072.88
2025-11-09,4,134.97,3001.68
2025-11-09,5,117.33,2784.06
2025-11-09,6,141.72,3509.10
2025-11-09,7,135.28,3075.66
2025-11-09,8,140.06,2956.17
2025-11-09,9,93.53,1978.21
2025-11-09,10,137.79,3198.53
2025-11-09,11,163.73,3275.38
2025-11-09,12,127.90,3420.81
2025-11-10,1,86.28,1821.93
2025-11-10,2,90.42,2111.05
2025-11-10,3,86.86,2277.00
2025-11-10,4,71.72,1453.05
2025-11-10,5,75.51,1850.45
2025-11-10,6,77.94,1805.08
2025-11-10,7,66.23,1773.52
2025-11-10,8,108.84,2778.15
2025-11-10,9,66.80,1586.04
2025-11-10,10,97.89,2520.50
2025-11-10,11,109.27,2818.79
2025-11-10,12,87.09,2270.97
2025-11-11,1,82.38,2220.36
2025-11-11,2,89.88,2195.08
2025-11-11,3,109.28,2931.07
2025-11-11,4,110.17,2566.64
2025-11-11,5,109.17,2851.23
2025-11-11,6,83.40,2221.03
2025-11-11,7,96.31,2564.25
2025-11-11,8,113.72,2322.53
2025-11-11,9,101.14,2303.33
2025-11-11,10,71.85,1782.17
2025-11-11,11,104.31,2303.11
2025-11-11,12,91.45,2160.52
2025-11-12,1,85.60,2231.11
2025-11-12,2,112.80,2884.21
2025-11-12,3,84.48,2244.74
2025-11-12,4,55.34,1245.84
2025-11-12,5,117.68,2808.76
2025-11-12,6,98.92,2544.24
2025-11-12,7,89.54,2183.68
2025-11-12,8,72.47,1483.90
2025-11-12,9,80.84,1892.47
2025-11-12,10,119.88,2722.02
2025-11-12,11,97.46,2583.30
2025-11-12,12,98.35,2557.96
2025-11-13,1,86.78,2017.28
2025-11-13,2,72.62,1564.99
2025-11-13,3,85.06,1851.09
2025-11-13,4,99.71,2086.47
2025-11-13,5,106.72,2316.94
2025-11-13,6,88.84,2237.10
2025-11-13,7,121.29,2858.77
2025-11-13,8,85.28,1952.59
2025-11-13,9,70.62,1447.96
2025-11-13,10,87.62,1993.43
2025-11-13,11,94.73,2483.97
2025-11-13,12,91.27,2045.10
2025-11-14,1,118.06,2901.96
2025-11-14,2,93.91,2103.91
2025-11-14,3,152.20,3272.76
2025-11-14,4,113.04,2602.24
2025-11-14,5,109.23,2672.30
2025-11-14,6,135.57,2901.37
2025-11-14,7,135.33,3294.62
2025-11-14,8,95.72,2451.32
2025-11-14,9,113.38,2454.95
2025-11-14,10,133.96,3006.15
2025-11-14,11,127.43,3158.11
2025-11-14,12,101.35,2103.28
2025-11-15,1,100.45,2097.97
2025-11-15,2,119.83,2582.51
2025-11-15,3,119.56,3043.95
2025-11-15,4,103.57,2600.40
2025-11-15,5,114.61,2578.19
2025-11-15,6,99.74,2254.86
2025-11-15,7,118.87,3010.25
2025-11-15,8,142.99,3603.63
2025-11-15,9,85.04,1823.75
2025-11-15,10,105.56,2192.66
2025-11-15,11,101.16,2241.69
2025-11-15,12,119.61,2561.67
2025-11-16,1,114.57,2956.10
2025-11-16,2,104.42,2375.56
2025-11-16,3,129.74,3392.04
2025-11-16,4,112.29,2714.83
2025-11-16,5,119.20,2855.84
2025-11-16,6,137.65,3132.74
2025-11-16,7,92.62,1929.90
2025-11-16,8,91.47,1980.44
2025-11-16,9,91.43,1943.95
2025-11-16,10,102.96,2308.71
2025-11-16,11,114.70,2605.55
2025-11-16,12,115.77,2877.18
2025-11-17,1,100.87,2389.09
2025-11-17,2,102.35,2555.94
2025-11-17,3,88.55,1845.10
2025-11-17,4,70.12,1642.33
2025-11-17,5,111.52,2339.59
2025-11-17,6,97.10,2020.17
2025-11-17,7,91.57,1935.17
2025-11-17,8,84.39,2255.15
2025-11-17,9,113.23,2429.55
2025-11-17,10,131.41,2831.48
2025-11-17,11,66.77,1550.00
2025-11-17,12,86.00,1732.51
2025-11-18,1,113.20,2621.68
2025-11-18,2,86.58,1917.07
2025-11-18,3,114.13,2717.24
2025-11-18,4,99.65,2439.11
2025-11-18,5,71.56,1783.72
2025-11-18,6,124.00,3281.80
2025-11-18,7,88.02,1967.34
2025-11-18,8,104.57,2108.70
2025-11-18,9,83.73,1921.55
2025-11-18,10,87.49,2162.32
2025-11-18,11,83.27,2230.04
2025-11-18,12,87.79,1841.09
2025-11-19,1,89.45,1891.05
2025-11-19,2,81.35,2169.47
2025-11-19,3,120.58,2442.97
2025-11-19,4,81.35,2136.70
2025-11-19,5,101.03,2115.89
2025-11-19,6,97.45,1990.39
2025-11-19,7,110.61,2803.86
2025-11-19,8,91.65,2181.81
2025-11-19,9,79.51,1990.57
2025-11-19,10,82.07,1940.09
2025-11-19,11,117.99,2430.97
2025-11-19,12,110.72,2255.27
2025-11-20,1,106.03,2739.06
2025-11-20,2,98.44,2101.85
2025-11-20,3,70.00,1629.85
2025-11-20,4,102.11,2416.27
2025-11-20,5,100.91,2113.88
2025-11-20,6,76.31,1931.36
2025-11-20,7,79.03,1825.80
2025-11-20,8,77.17,1749.84
2025-11-20,9,88.66,1985.55
2025-11-20,10,100.26,2375.75
2025-11-20,11,74.28,1817.34
2025-11-20,12,121.99,2965.46
2025-11-21,1,134.60,3185.62
2025-11-21,2,132.79,2913.31
2025-11-21,3,112.64,2731.11
2025-11-21,4,141.96,3601.56
2025-11-21,5,112.69,3007.76
2025-11-21,6,103.07,2315.20
2025-11-21,7,108.29,2737.10
2025-11-21,8,151.72,3751.97
2025-11-21,9,142.02,3755.79
2025-11-21,10,127.42,3051.56
2025-11-21,11,107.03,2191.61
2025-11-21,12,109.06,2758.23
2025-11-22,1,86.53,2185.24
2025-11-22,2,122.78,2936.60
2025-11-22,3,132.66,3161.14
2025-11-22,4,98.43,2378.86
2025-11-22,5,105.93,2836.27
2025-11-22,6,112.10,2674.69
2025-11-22,7,101.34,2444.42
2025-11-22,8,112.31,2639.26
2025-11-22,9,95.96,2520.47
2025-11-22,10,116.51,2382.26
2025-11-22,11,119.92,3071.15
2025-11-22,12,118.80,2482.20
2025-11-23,1,115.09,2483.27
2025-11-23,2,112.62,2347.85
2025-11-23,3,106.63,2348.38
2025-11-23,4,99.63,2213.03
2025-11-23,5,91.73,1873.10
2025-11-23,6,108.23,2916.89
2025-11-23,7,92.98,2015.31
2025-11-23,8,126.37,3020.17
2025-11-23,9,147.61,3135.59
2025-11-23,10,121.67,2709.18
2025-11-23,11,120.70,3148.42
2025-11-23,12,118.12,3100.85
2025-11-24,1,83.33,1963.08
2025-11-24,2,79.25,1992.83
2025-11-24,3,109.38,2595.30
2025-11-24,4,84.85,2284.10
2025-11-24,5,105.82,2272.12
2025-11-24,6,80.71,1763.86
2025-11-24,7,95.07,2405.63
2025-11-24,8,68.43,1392.41
2025-11-24,9,117.70,2800.92
2025-11-24,10,77.30,1730.32
2025-11-24,11,99.10,2114.03
2025-11-24,12,88.25,2269.17
2025-11-25,1,82.65,2070.38
2025-11-25,2,88.57,2378.55
2025-11-25,3,113.80,3052.82
2025-11-25,4,90.78,1816.68
2025-11-25,5,69.21,1453.13
2025-11-25,6,70.44,1456.24
2025-11-25,7,123.02,2788.50
2025-11-25,8,97.62,2252.57
2025-11-25,9,114.24,2317.85
2025-11-25,10,72.76,1860.19
2025-11-25,11,134.08,2997.26
2025-11-25,12,90.28,2150.79
2025-11-26,1,79.04,2033.37
2025-11-26,2,108.54,2320.08
2025-11-26,3,92.67,2347.15
2025-11-26,4,83.50,2143.43
2025-11-26,5,118.61,2852.87
2025-11-26,6,99.45,2481.48
2025-11-26,7,81.55,1762.85
2025-11-26,8,121.52,2672.78
2025-11-26,9,89.65,1829.53
2025-11-26,10,94.60,2272.62
2025-11-26,11,77.93,1749.11
2025-11-26,12,112.43,2502.50
2025-11-27,1,86.62,1990.10
2025-11-27,2,114.58,3052.48
2025-11-27,3,90.41,2277.52
2025-11-27,4,106.28,2221.67
2025-11-27,5,101.08,2397.37
2025-11-27,6,81.54,2189.16
2025-11-27,7,80.45,1957.78
2025-11-27,8,67.87,1633.46
2025-11-27,9,104.77,2348.39
2025-11-27,10,95.96,2141.40
2025-11-27,11,84.44,1978.08
2025-11-27,12,110.18,2796.68
2025-11-28,1,116.85,2489.95
2025-11-28,2,142.77,3801.07
2025-11-28,3,101.12,2718.63
2025-11-28,4,106.73,2434.03
2025-11-28,5,132.66,2995.32
2025-11-28,6,99.45,2098.65
2025-11-28,7,142.22,3452.93
2025-11-28,8,114.62,2741.42
2025-11-28,9,137.27,3491.20
2025-11-28,10,108.51,2595.12
2025-11-28,11,125.25,3374.05
2025-11-28,12,119.66,2921.92
2025-11-29,1,76.83,1542.32
2025-11-29,2,116.82,2929.27
2025-11-29,3,131.48,2969.21
2025-11-29,4,94.09,2396.29
2025-11-29,5,131.40,3404.11
2025-11-29,6,122.79,3297.25
2025-11-29,7,117.59,2650.56
2025-11-29,8,139.93,3193.86
2025-11-29,9,106.46,2286.80
2025-11-29,10,144.56,3439.49
2025-11-29,11,125.01,3258.98
2025-11-29,12,110.78,2894.98
2025-11-30,1,126.39,2820.48
2025-11-30,2,99.90,2050.84
2025-11-30,3,118.15,2786.25
2025-11-30,4,143.78,3141.90
2025-11-30,5,126.19,3190.71
2025-11-30,6,143.51,3737.42
2025-11-30,7,116.47,2469.98
2025-11-30,8,130.22,2622.41
2025-11-30,9,125.80,2938.85
2025-11-30,10,140.88,3597.26
2025-11-30,11,104.49,2748.69
2025-11-30,12,112.94,2388.14
2025-12-01,1,60.69,1468.79
2025-12-01,2,99.69,2051.90
2025-12-01,3,94.22,2513.71
2025-12-01,4,89.05,2239.83
2025-12-01,5,84.44,1858.74
2025-12-01,6,104.49,2447.97
2025-12-01,7,116.94,2685.11
2025-12-01,8,77.53,1806.14
2025-12-01,9,85.19,1782.16
2025-12-01,10,89.24,2140.31
2025-12-01,11,109.31,2770.24
2025-12-01,12,97.32,2420.68
2025-12-02,1,85.52,2147.95
2025-12-02,2,111.49,2484.97
2025-12-02,3,93.88,1966.27
2025-12-02,4,112.81,2733.88
2025-12-02,5,99.34,2335.17
2025-12-02,6,98.77,2040.76
2025-12-02,7,103.53,2134.96
2025-12-02,8,97.98,2401.06
2025-12-02,9,73.35,1611.33
2025-12-02,10,104.16,2133.96
2025-12-02,11,97.14,1990.55
2025-12-02,12,67.38,1459.29
2025-12-03,1,79.95,1678.86
2025-12-03,2,69.23,1792.36
2025-12-03,3,82.02,1756.72
2025-12-03,4,132.05,3486.47
2025-12-03,5,84.09,2069.93
2025-12-03,6,88.35,2344.19
2025-12-03,7,99.43,2099.82
2025-12-03,8,91.27,2245.67
2025-12-03,9,79.11,1735.21
2025-12-03,10,72.92,1952.14
2025-12-03,11,78.47,1978.34
2025-12-03,12,106.06,2241.18
2025-12-04,1,108.07,2378.72
2025-12-04,2,65.13,1383.16
2025-12-04,3,71.92,1495.82
2025-12-04,4,81.47,1919.59
2025-12-04,5,137.90,3455.95
2025-12-04,6,104.71,2179.28
2025-12-04,7,85.18,2215.77
2025-12-04,8,83.58,1859.66
2025-12-04,9,87.36,2044.15
2025-12-04,10,86.21,2070.36
2025-12-04,11,96.01,2173.31
2025-12-04,12,81.39,1770.42
2025-12-05,1,117.40,2800.18
2025-12-05,2,95.66,2427.35
2025-12-05,3,95.65,1952.15
2025-12-05,4,134.57,3060.81
2025-12-05,5,104.32,2549.91
2025-12-05,6,95.86,2158.86
2025-12-05,7,102.45,2425.18
2025-12-05,8,113.20,2765.37
2025-12-05,9,95.30,2329.86
2025-12-05,10,108.60,2261.75
2025-12-05,11,109.23,2928.12
2025-12-05,12,119.46,2700.05
2025-12-06,1,133.61,3295.90
2025-12-06,2,105.97,2151.89
2025-12-06,3,124.99,3242.37
2025-12-06,4,133.63,3280.29
2025-12-06,5,110.11,2512.61
2025-12-06,6,112.90,2701.98
2025-12-06,7,136.90,3093.45
2025-12-06,8,94.20,2077.66
2025-12-06,9,116.56,2811.02
2025-12-06,10,132.61,3110.50
2025-12-06,11,103.78,2667.42
2025-12-06,12,137.23,3476.48
2025-12-07,1,106.24,2689.38
2025-12-07,2,116.82,2472.29
2025-12-07,3,166.53,4024.43
2025-12-07,4,98.63,2169.24
2025-12-07,5,149.61,3978.01
2025-12-07,6,119.00,2716.82
2025-12-07,7,100.36,2301.80
2025-12-07,8,152.24,3379.44
2025-12-07,9,130.92,3422.64
2025-12-07,10,120.68,2955.24
2025-12-07,11,136.93,2927.28
2025-12-07,12,120.01,3169.87
2025-12-08,1,102.65,2365.42
2025-12-08,2,109.58,2307.19
2025-12-08,3,128.50,2797.80
2025-12-08,4,105.66,2674.92
2025-12-08,5,130.94,3283.51
2025-12-08,6,70.04,1739.74
2025-12-08,7,77.93,1683.64
2025-12-08,8,99.82,2027.40
2025-12-08,9,93.45,1917.56
2025-12-08,10,93.49,2134.74
2025-12-08,11,98.05,2610.35
2025-12-08,12,62.46,1530.65
2025-12-09,1,106.79,2189.20
2025-12-09,2,94.98,2255.02
2025-12-09,3,84.15,2026.76
2025-12-09,4,84.36,2212.38
2025-12-09,5,112.39,2333.36
2025-12-09,6,85.74,2037.13
2025-12-09,7,87.98,1762.72
2025-12-09,8,92.42,1861.12
2025-12-09,9,97.56,2416.65
2025-12-09,10,75.25,1819.97
2025-12-09,11,98.39,2338.05
2025-12-09,12,68.49,1838.52
2025-12-10,1,99.42,2610.56
2025-12-10,2,67.35,1639.50
2025-12-10,3,127.66,3230.01
2025-12-10,4,118.12,2935.27
2025-12-10,5,111.21,2508.89
2025-12-10,6,75.09,1606.16
2025-12-10,7,120.52,3221.77
2025-12-10,8,74.58,1924.03
2025-12-10,9,96.16,2181.72
2025-12-10,10,114.44,2542.26
2025-12-10,11,101.46,2294.46
2025-12-10,12,111.71,2821.83
2025-12-11,1,86.80,2338.13
2025-12-11,2,80.49,1737.64
2025-12-11,3,68.86,1420.01
2025-12-11,4,106.85,2705.43
2025-12-11,5,72.81,1543.75
2025-12-11,6,93.52,1926.67
2025-12-11,7,125.42,3095.96
2025-12-11,8,79.90,1886.09
2025-12-11,9,97.91,2156.44
2025-12-11,10,95.72,2420.24
2025-12-11,11,74.34,1907.38
2025-12-11,12,95.13,2402.15
2025-12-12,1,128.21,3431.55
2025-12-12,2,127.61,3366.57
2025-12-12,3,92.97,2422.21
2025-12-12,4,91.33,2254.65
2025-12-12,5,150.44,3082.14
2025-12-12,6,112.37,2769.34
2025-12-12,7,97.45,2274.26
2025-12-12,8,121.76,3023.57
2025-12-12,9,119.95,2680.54
2025-12-12,10,125.94,3340.70
2025-12-12,11,125.15,3343.34
2025-12-12,12,98.91,2316.02
2025-12-13,1,137.81,2790.80
2025-12-13,2,121.93,2678.39
2025-12-13,3,104.72,2224.86
2025-12-13,4,103.01,2566.01
2025-12-13,5,134.33,3553.75
2025-12-13,6,136.08,3306.22
2025-12-13,7,109.91,2324.10
2025-12-13,8,145.27,3747.55
2025-12-13,9,148.52,3600.14
2025-12-13,10,96.70,2137.51
2025-12-13,11,96.76,2132.16
2025-12-13,12,111.36,2779.07
2025-12-14,1,129.93,2958.38
2025-12-14,2,82.30,1745.45
2025-12-14,3,127.58,2893.98
2025-12-14,4,139.29,2926.31
2025-12-14,5,129.81,3345.10
2025-12-14,6,107.40,2671.34
2025-12-14,7,126.89,3112.88
2025-12-14,8,164.26,3835.64
2025-12-14,9,124.22,2937.17
2025-12-14,10,133.44,2799.05
2025-12-14,11,90.88,2151.01
2025-12-14,12,90.92,2313.01
2025-12-15,1,89.85,1938.14
2025-12-15,2,75.64,2039.23
2025-12-15,3,78.89,1830.10
2025-12-15,4,107.91,2557.95
2025-12-15,5,75.78,1937.29
2025-12-15,6,81.48,1866.34
2025-12-15,7,78.57,1840.01
2025-12-15,8,99.47,2028.94
2025-12-15,9,96.08,2088.64
2025-12-15,10,87.06,1887.73
2025-12-15,11,109.04,2801.20
2025-12-15,12,81.84,2140.94
2025-12-16,1,103.50,2357.18
2025-12-16,2,76.48,1892.09
2025-12-16,3,87.11,2053.02
2025-12-16,4,104.48,2189.25
2025-12-16,5,86.09,2185.35
2025-12-16,6,99.64,2483.04
2025-12-16,7,109.40,2276.89
2025-12-16,8,78.18,1741.66
2025-12-16,9,102.82,2542.21
2025-12-16,10,97.16,2209.91
2025-12-16,11,123.65,2814.23
2025-12-16,12,118.26,3125.91
2025-12-17,1,82.18,2151.75
2025-12-17,2,78.58,1890.93
2025-12-17,3,84.79,1816.71
2025-12-17,4,76.45,1667.17
2025-12-17,5,85.68,1944.39
2025-12-17,6,109.65,2657.86
2025-12-17,7,110.28,2405.31
2025-12-17,8,115.69,2797.94
2025-12-17,9,72.44,1828.91
2025-12-17,10,70.69,1833.16
2025-12-17,11,116.90,2599.01
2025-12-17,12,98.13,2433.74
2025-12-18,1,86.81,1748.39
2025-12-18,2,65.59,1424.51
2025-12-18,3,79.67,1962.84
2025-12-18,4,73.10,1757.87
2025-12-18,5,122.16,2713.47
2025-12-18,6,95.41,2564.72
2025-12-18,7,85.08,1798.69
2025-12-18,8,93.61,2325.09
2025-12-18,9,73.48,1640.20
2025-12-18,10,89.31,2060.27
2025-12-18,11,117.35,3109.56
2025-12-18,12,103.53,2288.18
2025-12-19,1,110.71,2637.54
2025-12-19,2,96.09,2204.46
2025-12-19,3,133.46,3182.82
2025-12-19,4,108.01,2168.70
2025-12-19,5,88.40,1987.71
2025-12-19,6,79.49,1686.53
2025-12-19,7,120.76,2735.79
2025-12-19,8,149.85,3607.09
2025-12-19,9,89.26,2289.69
2025-12-19,10,120.82,2875.53
2025-12-19,11,139.91,3026.78
2025-12-19,12,110.65,2265.86
2025-12-20,1,131.71,3023.98
2025-12-20,2,117.25,2999.63
2025-12-20,3,140.08,3086.19
2025-12-20,4,112.51,2712.98
2025-12-20,5,83.77,1907.44
2025-12-20,6,127.27,2699.77
2025-12-20,7,135.54,2730.83
2025-12-20,8,99.90,2228.32
2025-12-20,9,94.09,1915.94
2025-12-20,10,92.43,2233.45
2025-12-20,11,99.15,2024.79
2025-12-20,12,135.88,3226.58
2025-12-21,1,99.09,2206.71
2025-12-21,2,83.31,2158.14
2025-12-21,3,88.49,2352.39
2025-12-21,4,99.86,2381.26
2025-12-21,5,106.47,2570.76
2025-12-21,6,106.25,2259.69
2025-12-21,7,95.19,1948.95
2025-12-21,8,109.69,2940.52
2025-12-21,9,96.15,2413.20
2025-12-21,10,148.95,3920.74
2025-12-21,11,129.76,2977.21
2025-12-21,12,139.55,3746.32
2025-12-22,1,98.05,2537.01
2025-12-22,2,120.80,2568.64
2025-12-22,3,93.41,2425.05
2025-12-22,4,125.44,3169.21
2025-12-22,5,107.73,2719.82
2025-12-22,6,120.75,2647.98
2025-12-22,7,102.66,2570.57
2025-12-22,8,109.33,2814.39
2025-12-22,9,86.52,1775.89
2025-12-22,10,92.58,2301.40
2025-12-22,11,85.14,2221.06
2025-12-22,12,72.28,1789.37
2025-12-23,1,98.74,2374.90
2025-12-23,2,83.06,1856.51
2025-12-23,3,72.98,1503.71
2025-12-23,4,84.57,2057.13
2025-12-23,5,90.48,1972.75
2025-12-23,6,77.53,1611.82
2025-12-23,7,106.86,2838.24
2025-12-23,8,101.64,2239.17
2025-12-23,9,85.85,1902.08
2025-12-23,10,76.71,1922.43
2025-12-23,11,88.71,1868.58
2025-12-23,12,96.98,2049.34
2025-12-24,1,108.67,2582.77
2025-12-24,2,83.12,1690.77
2025-12-24,3,99.25,2629.11
2025-12-24,4,80.36,1758.14
2025-12-24,5,97.42,2337.52
2025-12-24,6,110.80,2234.14
2025-12-24,7,81.00,1859.73
2025-12-24,8,73.27,1745.48
2025-12-24,9,99.69,2094.00
2025-12-24,10,89.54,2161.71
2025-12-24,11,118.06,3030.95
2025-12-24,12,76.08,1988.68
2025-12-25,1,130.46,3396.33
2025-12-25,2,103.85,2376.43
2025-12-25,3,100.36,2156.74
2025-12-25,4,107.32,2333.64
2025-12-25,5,86.74,2232.13
2025-12-25,6,88.56,1997.00
2025-12-25,7,136.75,3116.91
2025-12-25,8,95.18,2211.95
2025-12-25,9,109.21,2283.99
2025-12-25,10,82.21,1803.78
2025-12-25,11,113.70,2938.13
2025-12-25,12,99.41,2219.46
2025-12-26,1,136.06,3275.22
2025-12-26,2,110.25,2748.54
2025-12-26,3,109.63,2583.28
2025-12-26,4,150.87,3850.10
2025-12-26,5,102.71,2256.13
2025-12-26,6,128.76,3073.22
2025-12-26,7,117.86,2990.15
2025-12-26,8,133.33,2731.18
2025-12-26,9,140.67,3092.23
2025-12-26,10,120.16,2483.05
2025-12-26,11,131.71,2649.71
2025-12-26,12,144.00,3056.31
2025-12-27,1,120.24,2758.12
2025-12-27,2,102.37,2761.55
2025-12-27,3,90.56,2002.01
2025-12-27,4,100.59,2402.89
2025-12-27,5,114.14,2579.36
2025-12-27,6,133.41,3062.93
2025-12-27,7,93.76,2299.29
2025-12-27,8,111.05,2802.54
2025-12-27,9,100.98,2691.64
2025-12-27,10,94.66,2114.51
2025-12-27,11,115.92,2407.52
2025-12-27,12,132.75,2826.24
2025-12-28,1,145.96,3851.57
2025-12-28,2,117.59,2799.63
2025-12-28,3,95.36,2086.38
2025-12-28,4,135.41,3017.73
2025-12-28,5,117.23,2962.99
2025-12-28,6,138.37,3330.64
2025-12-28,7,97.87,2549.98
2025-12-28,8,106.17,2660.60
2025-12-28,9,143.81,3055.66
2025-12-28,10,133.20,3354.55
2025-12-28,11,107.49,2281.18
2025-12-28,12,151.47,4014.78
2025-12-29,1,96.98,2551.78
2025-12-29,2,86.41,1805.08
2025-12-29,3,101.82,2547.88
2025-12-29,4,84.73,1782.67
2025-12-29,5,91.45,1930.50
2025-12-29,6,95.64,2067.76
2025-12-29,7,78.60,1717.04
2025-12-29,8,90.91,1890.17
2025-12-29,9,108.26,2768.96
2025-12-29,10,77.33,1788.64
2025-12-29,11,115.03,2346.64
2025-12-29,12,95.08,2287.93
2025-12-30,1,86.39,1963.45
2025-12-30,2,107.76,2533.21
2025-12-30,3,103.65,2439.82
2025-12-30,4,99.57,2598.22
2025-12-30,5,78.57,1717.97
2025-12-30,6,78.54,2120.30
2025-12-30,7,105.58,2138.75
2025-12-30,8,96.04,2066.28
2025-12-30,9,97.10,2509.13
2025-12-30,10,107.40,2391.90
2025-12-30,11,69.99,1709.99
2025-12-30,12,68.52,1761.96
2025-12-31,1,85.57,2157.86
2025-12-31,2,122.31,2993.80
2025-12-31,3,93.81,2093.85
2025-12-31,4,66.28,1609.62
2025-12-31,5,135.53,3233.49
2025-12-31,6,67.96,1477.81
2025-12-31,7,84.86,2117.73
2025-12-31,8,72.86,1682.04
2025-12-31,9,133.59,3600.92
2025-12-31,10,88.00,2272.16
2025-12-31,11,109.36,2905.87
2025-12-31,12,73.76,1895.46
2026-01-01,1,73.94,1586.30
2026-01-01,2,79.77,2110.86
2026-01-01,3,81.67,1977.74
2026-01-01,4,77.95,1992.85
2026-01-01,5,79.95,1706.98
2026-01-01,6,109.21,2426.66
2026-01-01,7,112.09,2724.56
2026-01-01,8,98.24,1980.17
2026-01-01,9,85.06,1726.24
2026-01-01,10,116.75,3109.93
2026-01-01,11,79.15,1942.25
2026-01-01,12,106.12,2238.98
2026-01-02,1,91.52,1882.10
2026-01-02,2,113.29,2957.19
2026-01-02,3,96.37,2450.82
2026-01-02,4,122.30,2671.88
2026-01-02,5,139.54,3554.07
2026-01-02,6,137.81,3574.66
2026-01-02,7,94.23,2412.94
2026-01-02,8,122.14,2659.31
2026-01-02,9,160.69,3820.75
2026-01-02,10,148.72,3745.03
2026-01-02,11,108.94,2433.40
2026-01-02,12,94.88,2529.66
2026-01-03,1,133.30,2996.73
2026-01-03,2,119.59,3103.20
2026-01-03,3,130.67,2849.98
2026-01-03,4,105.56,2232.89
2026-01-03,5,137.54,3216.12
2026-01-03,6,107.57,2395.20
2026-01-03,7,128.47,3157.35
2026-01-03,8,99.66,2666.06
2026-01-03,9,142.17,3170.26
2026-01-03,10,104.56,2430.15
2026-01-03,11,147.45,3784.25
2026-01-03,12,106.82,2784.14
2026-01-04,1,93.92,2479.65
2026-01-04,2,94.55,2441.78
2026-01-04,3,111.23,2241.82
2026-01-04,4,112.70,2454.27
2026-01-04,5,141.06,3640.61
2026-01-04,6,97.79,2593.09
2026-01-04,7,107.84,2714.46
2026-01-04,8,96.55,1960.38
2026-01-04,9,130.25,2706.24
2026-01-04,10,99.42,2045.82
2026-01-04,11,88.84,1933.71
2026-01-04,12,97.37,2378.00
2026-01-05,1,79.90,1768.48
2026-01-05,2,113.01,2677.86
2026-01-05,3,88.72,2171.60
2026-01-05,4,75.82,1672.26
2026-01-05,5,109.81,2727.10
2026-01-05,6,82.68,1969.27
2026-01-05,7,121.02,2742.64
2026-01-05,8,112.54,2411.83
2026-01-05,9,91.25,2036.23
2026-01-05,10,81.06,1757.68
2026-01-05,11,66.40,1713.66
2026-01-05,12,70.45,1712.43
2026-01-06,1,98.87,2393.86
2026-01-06,2,89.32,2072.19
2026-01-06,3,82.64,1678.06
2026-01-06,4,107.07,2380.03
2026-01-06,5,74.95,1842.24
2026-01-06,6,89.76,2177.34
2026-01-06,7,83.44,1739.72
2026-01-06,8,94.93,2461.40
2026-01-06,9,107.81,2541.83
2026-01-06,10,91.77,2470.68
2026-01-06,11,81.23,2031.98
2026-01-06,12,116.05,3078.35
2026-01-07,1,77.69,1557.62
2026-01-07,2,111.29,2501.60
2026-01-07,3,97.35,2455.08
2026-01-07,4,101.95,2629.76
2026-01-07,5,91.51,2313.29
2026-01-07,6,86.12,2140.46
2026-01-07,7,113.02,2531.04
2026-01-07,8,115.97,2883.05
2026-01-07,9,84.99,2197.81
2026-01-07,10,97.95,2457.54
2026-01-07,11,110.77,2425.40
2026-01-07,12,90.09,2065.43
2026-01-08,1,141.93,2924.78
2026-01-08,2,87.26,2280.95
2026-01-08,3,94.33,2290.80
2026-01-08,4,111.00,2300.78
2026-01-08,5,125.30,2808.12
2026-01-08,6,86.63,1993.38
2026-01-08,7,117.16,2873.15
2026-01-08,8,80.37,1811.90
2026-01-08,9,75.30,1539.86
2026-01-08,10,80.27,1801.32
2026-01-08,11,73.68,1745.90
2026-01-08,12,98.82,2187.65
2026-01-09,1,96.48,2591.61
2026-01-09,2,130.15,3312.33
2026-01-09,3,110.91,2257.86
2026-01-09,4,146.15,3575.01
2026-01-09,5,98.90,2594.52
2026-01-09,6,88.61,2231.65
2026-01-09,7,117.61,2953.87
2026-01-09,8,79.71,1919.74
2026-01-09,9,142.75,3545.87
2026-01-09,10,84.51,2168.91
2026-01-09,11,104.08,2794.34
2026-01-09,12,131.52,3074.94
2026-01-10,1,138.86,3694.02
2026-01-10,2,104.24,2210.18
2026-01-10,3,106.48,2599.98
2026-01-10,4,122.65,3146.95
2026-01-10,5,125.62,3050.24
2026-01-10,6,124.27,3318.02
2026-01-10,7,123.60,2877.39
2026-01-10,8,102.71,2523.47
2026-01-10,9,123.67,2985.83
2026-01-10,10,108.99,2732.83
2026-01-10,11,109.85,2820.51
2026-01-10,12,137.52,2986.25
2026-01-11,1,123.99,2527.13
2026-01-11,2,135.02,3366.30
2026-01-11,3,94.67,2502.07
2026-01-11,4,113.82,2972.54
2026-01-11,5,131.66,2827.91
2026-01-11,6,118.74,2677.56
2026-01-11,7,110.88,2891.12
2026-01-11,8,104.85,2382.15
2026-01-11,9,90.62,2399.18
2026-01-11,10,91.38,2384.01
2026-01-11,11,100.86,2355.79
2026-01-11,12,122.03,2880.92
2026-01-12,1,71.83,1520.24
2026-01-12,2,79.01,2125.99
2026-01-12,3,90.85,2249.82
2026-01-12,4,101.12,2709.46
2026-01-12,5,80.23,1713.57
2026-01-12,6,122.13,3000.47
2026-01-12,7,81.83,1944.00
2026-01-12,8,67.87,1672.04
2026-01-12,9,79.41,1844.61
2026-01-12,10,82.34,2171.28
2026-01-12,11,86.46,2030.69
2026-01-12,12,75.71,1715.83
2026-01-13,1,90.25,2412.38
2026-01-13,2,80.10,1616.61
2026-01-13,3,72.43,1498.53
2026-01-13,4,79.67,2017.83
2026-01-13,5,100.43,2087.67
2026-01-13,6,74.28,1491.86
2026-01-13,7,82.81,1684.86
2026-01-13,8,114.44,3087.93
2026-01-13,9,115.62,2398.46
2026-01-13,10,77.28,2012.10
2026-01-13,11,82.67,1728.46
2026-01-13,12,83.74,1846.35
2026-01-14,1,90.38,2371.15
2026-01-14,2,76.15,2043.68
2026-01-14,3,120.23,2581.10
2026-01-14,4,120.62,2905.57
2026-01-14,5,61.38,1622.93
2026-01-14,6,74.77,1704.36
2026-01-14,7,86.48,2246.65
2026-01-14,8,99.01,2421.43
2026-01-14,9,75.09,1904.26
2026-01-14,10,64.69,1302.03
2026-01-14,11,130.16,3425.11
2026-01-14,12,99.78,2605.79
2026-01-15,1,71.74,1571.88
2026-01-15,2,89.42,2369.62
2026-01-15,3,122.65,2463.17
2026-01-15,4,73.68,1728.19
2026-01-15,5,107.68,2906.72
2026-01-15,6,100.54,2087.23
2026-01-15,7,82.35,1795.83
2026-01-15,8,114.74,2978.97
2026-01-15,9,82.74,2110.84
2026-01-15,10,72.52,1484.13
2026-01-15,11,121.48,3121.78
2026-01-15,12,107.33,2472.14
2026-01-16,1,152.79,4082.15
2026-01-16,2,124.52,2590.77
2026-01-16,3,128.96,3451.00
2026-01-16,4,143.13,3267.83
2026-01-16,5,133.52,3152.47
2026-01-16,6,111.01,2929.99
2026-01-16,7,142.59,2865.86
2026-01-16,8,96.85,2606.67
2026-01-16,9,130.93,3397.02
2026-01-16,10,100.67,2118.74
2026-01-16,11,98.43,2263.39
2026-01-16,12,88.93,1894.01
2026-01-17,1,102.81,2712.11
2026-01-17,2,137.89,2855.08
2026-01-17,3,112.34,2696.44
2026-01-17,4,123.70,2497.23
2026-01-17,5,114.66,2481.56
2026-01-17,6,91.67,2228.63
2026-01-17,7,110.75,2660.81
2026-01-17,8,138.76,3677.15
2026-01-17,9,123.29,2557.92
2026-01-17,10,124.52,3077.16
2026-01-17,11,113.24,2556.02
2026-01-17,12,87.84,2176.94
2026-01-18,1,89.42,2252.57
2026-01-18,2,110.84,2556.44
2026-01-18,3,100.63,2351.53
2026-01-18,4,122.71,2688.60
2026-01-18,5,89.72,2365.85
2026-01-18,6,88.87,1817.22
2026-01-18,7,130.80,2695.92
2026-01-18,8,108.02,2454.71
2026-01-18,9,135.00,3466.93
2026-01-18,10,108.64,2326.56
2026-01-18,11,92.34,2045.50
2026-01-18,12,125.88,2727.10
2026-01-19,1,90.59,2113.71
2026-01-19,2,98.50,2016.59
2026-01-19,3,65.09,1455.77
2026-01-19,4,69.36,1391.58
2026-01-19,5,108.46,2662.75
2026-01-19,6,75.62,2011.41
2026-01-19,7,87.71,2192.40
2026-01-19,8,71.07,1917.37
2026-01-19,9,103.82,2493.88
2026-01-19,10,100.82,2288.16
2026-01-19,11,106.30,2823.88
2026-01-19,12,99.91,2282.53
2026-01-20,1,99.41,2608.22
2026-01-20,2,106.98,2726.80
2026-01-20,3,103.02,2129.37
2026-01-20,4,76.29,1834.86
2026-01-20,5,117.84,2607.71
2026-01-20,6,75.79,1521.41
2026-01-20,7,100.63,2196.62
2026-01-20,8,97.03,2027.14
2026-01-20,9,95.64,2116.51
2026-01-20,10,90.25,1871.87
2026-01-20,11,81.53,1783.84
2026-01-20,12,68.45,1525.60
2026-01-21,1,81.79,2120.90
2026-01-21,2,69.94,1517.14
2026-01-21,3,118.89,2491.79
2026-01-21,4,93.90,2371.29
2026-01-21,5,116.43,2995.47
2026-01-21,6,93.82,1898.89
2026-01-21,7,60.01,1250.17
2026-01-21,8,79.67,1792.34
2026-01-21,9,90.91,2131.24
2026-01-21,10,73.68,1936.21
2026-01-21,11,119.70,3074.17
2026-01-21,12,74.69,1663.50
2026-01-22,1,89.31,1894.38
2026-01-22,2,79.98,2018.03
2026-01-22,3,84.37,1917.27
2026-01-22,4,95.79,2446.43
2026-01-22,5,112.55,2930.04
2026-01-22,6,118.11,2955.43
2026-01-22,7,74.01,1578.51
2026-01-22,8,73.30,1545.52
2026-01-22,9,63.83,1488.05
2026-01-22,10,89.38,2080.82
2026-01-22,11,97.44,2181.13
2026-01-22,12,80.26,1919.71
2026-01-23,1,88.51,1872.02
2026-01-23,2,98.54,2393.28
2026-01-23,3,144.24,3490.16
2026-01-23,4,130.73,3271.26
2026-01-23,5,88.86,2162.58
2026-01-23,6,95.69,2194.08
2026-01-23,7,102.35,2380.15
2026-01-23,8,103.00,2205.28
2026-01-23,9,149.03,3123.38
2026-01-23,10,105.96,2662.83
2026-01-23,11,101.49,2435.10
2026-01-23,12,145.31,3806.31
2026-01-24,1,103.43,2288.12
2026-01-24,2,127.42,2634.72
2026-01-24,3,146.03,3783.10
2026-01-24,4,91.61,2455.21
2026-01-24,5,105.40,2316.16
2026-01-24,6,117.50,2986.20
2026-01-24,7,94.31,2325.35
2026-01-24,8,109.81,2793.94
2026-01-24,9,91.46,2307.32
2026-01-24,10,101.50,2508.12
2026-01-24,11,124.23,2670.44
2026-01-24,12,111.68,2340.19
2026-01-25,1,111.42,2850.89
2026-01-25,2,136.91,2967.79
2026-01-25,3,93.68,2458.21
2026-01-25,4,126.26,2641.47
2026-01-25,5,133.98,3218.57
2026-01-25,6,111.64,2941.45
2026-01-25,7,123.55,2685.23
2026-01-25,8,146.05,3132.17
2026-01-25,9,120.13,2444.46
2026-01-25,10,141.30,3796.89
2026-01-25,11,111.07,2482.00
2026-01-25,12,116.60,2986.71
2026-01-26,1,98.22,2098.38
2026-01-26,2,106.57,2343.41
2026-01-26,3,107.10,2196.52
2026-01-26,4,114.17,2290.49
2026-01-26,5,112.69,2650.52
2026-01-26,6,90.32,1909.21
2026-01-26,7,66.89,1671.95
2026-01-26,8,79.02,1786.04
2026-01-26,9,72.50,1870.95
2026-01-26,10,99.13,2168.89
2026-01-26,11,92.01,2170.27
2026-01-26,12,98.98,2670.34
2026-01-27,1,69.61,1676.87
2026-01-27,2,98.90,2097.80
2026-01-27,3,97.95,2096.22
2026-01-27,4,116.31,2728.55
2026-01-27,5,89.64,2375.19
2026-01-27,6,125.38,2626.10
2026-01-27,7,82.66,1839.56
2026-01-27,8,73.72,1678.68
2026-01-27,9,99.47,2364.41
2026-01-27,10,95.79,2451.02
2026-01-27,11,81.17,2063.65
2026-01-27,12,102.17,2647.40
2026-01-28,1,87.76,1766.03
2026-01-28,2,106.61,2507.11
2026-01-28,3,91.79,1944.70
2026-01-28,4,87.49,2185.30
2026-01-28,5,105.64,2556.95
2026-01-28,6,87.18,2333.80
2026-01-28,7,82.58,2032.85
2026-01-28,8,99.94,2023.03
2026-01-28,9,91.19,2455.71
2026-01-28,10,112.77,2881.10
2026-01-28,11,91.33,1844.06
2026-01-28,12,120.16,2744.42
2026-01-29,1,91.77,2389.27
2026-01-29,2,86.13,2000.86
2026-01-29,3,81.23,1795.40
2026-01-29,4,80.88,1842.78
2026-01-29,5,82.56,2004.20
2026-01-29,6,103.21,2538.72
2026-01-29,7,82.14,1927.86
2026-01-29,8,123.99,2910.98
2026-01-29,9,85.70,2114.51
2026-01-29,10,90.40,1995.92
2026-01-29,11,84.32,2188.41
2026-01-29,12,109.47,2584.36
2026-01-30,1,105.33,2172.51
2026-01-30,2,126.58,3325.66
2026-01-30,3,109.85,2239.66
2026-01-30,4,148.99,3471.56
2026-01-30,5,139.44,2790.29
2026-01-30,6,136.90,2823.84
2026-01-30,7,113.34,2324.88
2026-01-30,8,112.38,2318.19
2026-01-30,9,142.17,3053.67
2026-01-30,10,127.60,2957.96
2026-01-30,11,95.39,2488.02
2026-01-30,12,110.04,2955.91
2026-01-31,1,112.68,2974.34
2026-01-31,2,75.13,1861.29
2026-01-31,3,114.53,2735.78
2026-01-31,4,126.51,3237.18
2026-01-31,5,122.28,3204.77
2026-01-31,6,79.47,1813.04
2026-01-31,7,132.50,2927.93
2026-01-31,8,107.45,2791.88
2026-01-31,9,158.87,3198.90
2026-01-31,10,121.69,2500.10
2026-01-31,11,104.90,2105.38
2026-01-31,12,124.92,2778.93
2026-02-01,1,125.31,3141.68
2026-02-01,2,138.27,3498.80
2026-02-01,3,103.87,2696.60
2026-02-01,4,101.77,2307.39
2026-02-01,5,95.68,2025.00
2026-02-01,6,79.50,2010.15
2026-02-01,7,106.09,2290.10
2026-02-01,8,114.71,2493.25
2026-02-01,9,127.44,3003.49
2026-02-01,10,117.12,2555.68
2026-02-01,11,86.78,2258.51
2026-02-01,12,94.62,1921.82
2026-02-02,1,88.48,2384.84
2026-02-02,2,129.46,2776.08
2026-02-02,3,99.64,2655.62
2026-02-02,4,94.54,2282.29
2026-02-02,5,96.20,2499.81
2026-02-02,6,110.98,2701.28
2026-02-02,7,117.02,2486.22
2026-02-02,8,96.06,2392.69
2026-02-02,9,99.88,2054.69
2026-02-02,10,89.66,1948.14
2026-02-02,11,105.33,2653.43
2026-02-02,12,116.70,2473.31
2026-02-03,1,73.50,1819.78
2026-02-03,2,85.34,2260.94
2026-02-03,3,88.15,1974.36
2026-02-03,4,77.95,1634.78
2026-02-03,5,113.99,2876.73
2026-02-03,6,84.59,2193.77
2026-02-03,7,63.13,1459.36
2026-02-03,8,79.95,1647.18
2026-02-03,9,84.12,2014.00
2026-02-03,10,78.13,1867.02
2026-02-03,11,124.50,2727.99
2026-02-03,12,111.83,2458.22
2026-02-04,1,67.43,1565.29
2026-02-04,2,89.52,1954.75
2026-02-04,3,99.19,2306.15
2026-02-04,4,85.58,2207.72
2026-02-04,5,95.51,2551.24
2026-02-04,6,73.98,1710.56
2026-02-04,7,84.97,1995.03
2026-02-04,8,74.49,1806.78
2026-02-04,9,120.25,3217.57
2026-02-04,10,89.86,1809.58
2026-02-04,11,87.59,2261.05
2026-02-04,12,76.62,1844.02
2026-02-05,1,97.87,2055.97
2026-02-05,2,111.39,2738.88
2026-02-05,3,139.68,2999.86
2026-02-05,4,123.92,2694.17
2026-02-05,5,75.45,1550.22
2026-02-05,6,110.95,2960.27
2026-02-05,7,90.44,2036.05
2026-02-05,8,117.49,2625.84
2026-02-05,9,79.72,2113.01
2026-02-05,10,103.82,2742.54
2026-02-05,11,107.54,2839.96
2026-02-05,12,106.60,2203.60
2026-02-06,1,116.50,2819.54
2026-02-06,2,115.41,2550.60
2026-02-06,3,116.08,2649.03
2026-02-06,4,129.15,3365.86
2026-02-06,5,115.10,2797.05
2026-02-06,6,104.63,2279.77
2026-02-06,7,139.78,3467.28
2026-02-06,8,125.24,3030.57
2026-02-06,9,135.40,2928.42
2026-02-06,10,98.15,2555.78
2026-02-06,11,128.58,2725.16
2026-02-06,12,143.42,3506.08
2026-02-07,1,107.52,2891.47
2026-02-07,2,127.98,3376.26
2026-02-07,3,102.77,2320.67
2026-02-07,4,121.71,3155.53
2026-02-07,5,123.25,2613.42
2026-02-07,6,131.82,2644.48
2026-02-07,7,123.31,2470.43
2026-02-07,8,129.54,2842.41
2026-02-07,9,136.35,3537.41
2026-02-07,10,106.92,2193.41
2026-02-07,11,117.78,2821.40
2026-02-07,12,141.43,3011.71
2026-02-08,1,147.78,3013.26
2026-02-08,2,132.45,2807.17
2026-02-08,3,111.44,2362.86
2026-02-08,4,96.98,2334.52
2026-02-08,5,119.45,2696.40
2026-02-08,6,128.05,2928.70
2026-02-08,7,96.71,2133.25
2026-02-08,8,112.95,2991.96
2026-02-08,9,101.71,2322.18
2026-02-08,10,95.90,2274.74
2026-02-08,11,99.96,2389.26
2026-02-08,12,119.05,2848.03
2026-02-09,1,102.44,2218.57
2026-02-09,2,86.89,2331.24
2026-02-09,3,100.35,2518.87
2026-02-09,4,82.25,2126.25
2026-02-09,5,80.39,1930.73
2026-02-09,6,106.08,2122.60
2026-02-09,7,109.68,2628.36
2026-02-09,8,114.53,2395.00
2026-02-09,9,95.70,2349.42
2026-02-09,10,111.51,2735.88
2026-02-09,11,101.92,2062.49
2026-02-09,12,97.96,2146.10
2026-02-10,1,87.98,1882.24
2026-02-10,2,108.46,2233.31
2026-02-10,3,102.54,2132.39
2026-02-10,4,98.58,2090.13
2026-02-10,5,102.28,2371.06
2026-02-10,6,102.68,2667.55
2026-02-10,7,64.80,1654.49
2026-02-10,8,70.22,1843.95
2026-02-10,9,105.94,2221.27
2026-02-10,10,73.21,1764.88
2026-02-10,11,76.50,1639.53
2026-02-10,12,134.89,3356.97
2026-02-11,1,73.44,1791.95
2026-02-11,2,87.83,2160.36
2026-02-11,3,90.94,1962.03
2026-02-11,4,100.70,2716.47
2026-02-11,5,107.98,2240.39
2026-02-11,6,95.86,2538.34
2026-02-11,7,112.56,2816.23
2026-02-11,8,105.46,2310.48
2026-02-11,9,83.45,2011.45
2026-02-11,10,78.42,1960.36
2026-02-11,11,101.93,2679.56
2026-02-11,12,74.87,1840.34
2026-02-12,1,116.68,2977.97
2026-02-12,2,122.30,2675.61
2026-02-12,3,96.93,2125.93
2026-02-12,4,115.69,2337.29
2026-02-12,5,69.73,1747.97
2026-02-12,6,123.66,3081.08
2026-02-12,7,118.04,2505.74
2026-02-12,8,105.12,2384.11
2026-02-12,9,84.59,2108.89
2026-02-12,10,102.71,2649.56
2026-02-12,11,74.69,1684.36
2026-02-12,12,81.69,2189.90
2026-02-13,1,100.96,2710.42
2026-02-13,2,129.95,2624.58
2026-02-13,3,125.37,3137.53
2026-02-13,4,113.30,2449.57
2026-02-13,5,118.01,3125.11
2026-02-13,6,108.22,2197.33
2026-02-13,7,94.33,2096.95
2026-02-13,8,134.32,3347.42
2026-02-13,9,114.73,2748.84
2026-02-13,10,141.88,3312.34
2026-02-13,11,100.47,2556.95
2026-02-13,12,128.40,3012.54
2026-02-14,1,119.77,2962.92
2026-02-14,2,91.88,1963.52
2026-02-14,3,88.09,2119.29
2026-02-14,4,103.52,2285.53
2026-02-14,5,78.64,1769.95
2026-02-14,6,97.84,2388.24
2026-02-14,7,97.87,2493.78
2026-02-14,8,103.63,2490.14
2026-02-14,9,115.27,2557.02
2026-02-14,10,99.35,2557.28
2026-02-14,11,129.51,3260.11
2026-02-14,12,141.18,3130.68
2026-02-15,1,126.11,2957.93
2026-02-15,2,132.91,3037.78
2026-02-15,3,115.18,2473.97
2026-02-15,4,139.68,3631.96
2026-02-15,5,110.51,2490.80
2026-02-15,6,122.45,2592.66
2026-02-15,7,111.68,2494.34
2026-02-15,8,113.98,2560.54
2026-02-15,9,121.02,2868.24
2026-02-15,10,111.89,2588.52
2026-02-15,11,101.88,2549.31
2026-02-15,12,150.37,3869.30
2026-02-16,1,87.71,1942.95
2026-02-16,2,79.10,1745.35
2026-02-16,3,102.80,2382.43
2026-02-16,4,74.12,1635.69
2026-02-16,5,93.19,1935.01
2026-02-16,6,91.01,2269.95
2026-02-16,7,104.13,2209.68
2026-02-16,8,106.19,2431.38
2026-02-16,9,89.28,2011.61
2026-02-16,10,89.76,2300.17
2026-02-16,11,114.03,2542.82
2026-02-16,12,120.74,2426.54
2026-02-17,1,84.53,2061.32
2026-02-17,2,123.74,2669.52
2026-02-17,3,87.43,2194.37
2026-02-17,4,117.81,2530.41
2026-02-17,5,93.78,2335.19
2026-02-17,6,85.01,2201.14
2026-02-17,7,86.45,2186.77
2026-02-17,8,94.21,2236.34
2026-02-17,9,95.64,2053.86
2026-02-17,10,79.58,1671.25
2026-02-17,11,90.98,2384.04
2026-02-17,12,99.93,2104.92
2026-02-18,1,115.05,2803.01
2026-02-18,2,108.11,2735.32
2026-02-18,3,114.21,2628.02
2026-02-18,4,87.48,2089.91
2026-02-18,5,73.79,1735.04
2026-02-18,6,87.71,1899.23
2026-02-18,7,117.54,2698.74
2026-02-18,8,83.60,2253.38
2026-02-18,9,98.47,2082.28
2026-02-18,10,80.59,1623.00
2026-02-18,11,112.06,2922.49
2026-02-18,12,128.00,3195.25
2026-02-19,1,106.70,2801.85
2026-02-19,2,101.23,2393.06
2026-02-19,3,92.82,2156.81
2026-02-19,4,125.61,3115.56
2026-02-19,5,100.22,2256.07
2026-02-19,6,120.40,3036.15
2026-02-19,7,114.90,3014.97
2026-02-19,8,84.17,2161.80
2026-02-19,9,93.75,2487.69
2026-02-19,10,116.98,2992.24
2026-02-19,11,100.00,2609.26
2026-02-19,12,94.61,2414.66
2026-02-20,1,152.93,4109.64
2026-02-20,2,87.01,1945.06
2026-02-20,3,127.39,2676.18
2026-02-20,4,95.55,2021.51
2026-02-20,5,106.43,2815.93
2026-02-20,6,114.27,3028.32
2026-02-20,7,99.20,2419.87
2026-02-20,8,119.02,3093.91
2026-02-20,9,115.12,2589.82
2026-02-20,10,113.27,2321.14
2026-02-20,11,95.67,2100.93
2026-02-20,12,117.66,3105.88
2026-02-21,1,101.44,2700.81
2026-02-21,2,109.96,2648.50
2026-02-21,3,122.29,3203.41
2026-02-21,4,103.14,2362.43
2026-02-21,5,122.73,3313.14
2026-02-21,6,116.66,2364.22
2026-02-21,7,129.25,3068.15
2026-02-21,8,99.01,2135.61
2026-02-21,9,136.39,3060.56
2026-02-21,10,115.79,2838.14
2026-02-21,11,102.44,2194.53
2026-02-21,12,110.68,2764.60
2026-02-22,1,117.63,2604.66
2026-02-22,2,93.10,2033.71
2026-02-22,3,123.37,3275.47
2026-02-22,4,120.63,3044.98
2026-02-22,5,124.14,3166.25
2026-02-22,6,140.61,3269.46
2026-02-22,7,117.06,2862.70
2026-02-22,8,96.32,2455.29
2026-02-22,9,107.65,2177.90
2026-02-22,10,149.28,3005.15
2026-02-22,11,115.80,2855.63
2026-02-22,12,134.68,3610.31
2026-02-23,1,104.44,2120.32
2026-02-23,2,113.41,2603.66
2026-02-23,3,91.37,2179.91
2026-02-23,4,116.94,2700.65
2026-02-23,5,115.86,2511.48
2026-02-23,6,75.61,1579.83
2026-02-23,7,73.06,1911.53
2026-02-23,8,75.33,1928.58
2026-02-23,9,85.86,2227.41
2026-02-23,10,103.16,2202.86
2026-02-23,11,68.10,1527.89
2026-02-23,12,94.39,2210.50
2026-02-24,1,106.46,2812.98
2026-02-24,2,109.19,2291.27
2026-02-24,3,68.42,1543.33
2026-02-24,4,73.82,1802.06
2026-02-24,5,82.78,1907.72
2026-02-24,6,63.78,1487.24
2026-02-24,7,79.53,2036.41
2026-02-24,8,118.57,2668.01
2026-02-24,9,89.47,1901.35
2026-02-24,10,74.65,1658.84
2026-02-24,11,97.59,2427.78
2026-02-24,12,99.71,2155.14
2026-02-25,1,102.24,2067.26
2026-02-25,2,85.01,1930.10
2026-02-25,3,107.44,2701.11
2026-02-25,4,76.45,1977.62
2026-02-25,5,86.77,2236.32
2026-02-25,6,74.20,1539.94
2026-02-25,7,113.43,2330.74
2026-02-25,8,124.26,2643.70
2026-02-25,9,90.63,2382.14
2026-02-25,10,107.42,2294.12
2026-02-25,11,88.94,2251.01
2026-02-25,12,105.75,2602.52
